label,text
spam,25 lakh jeetne ka mauka! Abhi UPI se 25178 bheje aur reward paaye
ham,Call me when you reach home
spam,Work from home job earn ₹43426 per month WhatsApp 4252204669
spam,"మీరు 17859 రూపాయలు గెలిచారు, వెంటనే చెల్లించండి"
ham,मैं कल आ रहा हूँ
ham,Meeting scheduled at 5 pm
ham,Meeting scheduled at 5 pm
spam,You won a lottery of ₹49842! Click the link to claim now
ham,Hi how are you doing today
spam,You won a lottery of ₹33878! Click the link to claim now
spam,25 lakh jeetne ka mauka! Abhi UPI se 30470 bheje aur reward paaye
ham,Let's meet tomorrow for lunch
ham,Hi how are you doing today
spam,Work from home job earn ₹22010 per month WhatsApp 5579880313
spam,"आप 28486 रुपये जीत गए, अभी OTP share करें"
ham,आप कैसे हो
ham,Let's meet tomorrow for lunch
ham,Let's meet tomorrow for lunch
spam,"మీరు 48831 రూపాయలు గెలిచారు, వెంటనే చెల్లించండి"
spam,You won a lottery of ₹11186! Click the link to claim now
ham,आप कैसे हो
spam,"మీరు 20801 రూపాయలు గెలిచారు, వెంటనే చెల్లించండి"
spam,"URGENT: Your bank KYC expired, verify immediately"
spam,Limited offer investment double your money in 7 days
spam,"आप 45227 रुपये जीत गए, अभी OTP share करें"
spam,"మీరు 44719 రూపాయలు గెలిచారు, వెంటనే చెల్లించండి"
spam,"URGENT: Your bank KYC expired, verify immediately"
ham,Did you finish the assignment
ham,मैं कल आ रहा हूँ
spam,Electricity bill pending pay ₹34545 now or power disconnect
ham,आप कैसे हो
spam,Work from home job earn ₹22521 per month WhatsApp 5413372727
spam,"आप 1296 रुपये जीत गए, अभी OTP share करें"
ham,నేను రేపు వస్తాను
ham,Call me when you reach home
ham,मैं कल आ रहा हूँ
spam,Electricity bill pending pay ₹25498 now or power disconnect
ham,Call me when you reach home
spam,"URGENT: Your bank KYC expired, verify immediately"
spam,Limited offer investment double your money in 7 days
ham,Hi how are you doing today
spam,"మీరు 9212 రూపాయలు గెలిచారు, వెంటనే చెల్లించండి"
spam,"आप 20898 रुपये जीत गए, अभी OTP share करें"
ham,Hi how are you doing today
ham,నేను రేపు వస్తాను
ham,Did you finish the assignment
spam,"आप 1938 रुपये जीत गए, अभी OTP share करें"
spam,"URGENT: Your bank KYC expired, verify immediately"
ham,Meeting scheduled at 5 pm
spam,Electricity bill pending pay ₹3301 now or power disconnect
ham,నేను రేపు వస్తాను
ham,मैं कल आ रहा हूँ
spam,"URGENT: Your bank KYC expired, verify immediately"
ham,मैं कल आ रहा हूँ
spam,"మీరు 7892 రూపాయలు గెలిచారు, వెంటనే చెల్లించండి"
spam,Limited offer investment double your money in 7 days
spam,Limited offer investment double your money in 7 days
ham,Meeting scheduled at 5 pm
spam,Limited offer investment double your money in 7 days
ham,आप कैसे हो
spam,Work from home job earn ₹29554 per month WhatsApp 1029542829
ham,Did you finish the assignment
ham,నేను రేపు వస్తాను
spam,You won a lottery of ₹17914! Click the link to claim now
spam,"మీరు 13558 రూపాయలు గెలిచారు, వెంటనే చెల్లించండి"
ham,आप कैसे हो
ham,Meeting scheduled at 5 pm
ham,मैं कल आ रहा हूँ
spam,Limited offer investment double your money in 7 days
ham,Call me when you reach home
ham,मैं कल आ रहा हूँ
ham,Hi how are you doing today
ham,Hi how are you doing today
ham,Call me when you reach home
spam,"URGENT: Your bank KYC expired, verify immediately"
ham,Did you finish the assignment
ham,Hi how are you doing today
ham,Call me when you reach home
spam,Work from home job earn ₹13705 per month WhatsApp 8002568537
ham,Hi how are you doing today
ham,Did you finish the assignment
ham,आप कैसे हो
ham,Did you finish the assignment
ham,Call me when you reach home
ham,Meeting scheduled at 5 pm
ham,Did you finish the assignment
ham,Did you finish the assignment
ham,నేను రేపు వస్తాను
spam,"మీరు 8744 రూపాయలు గెలిచారు, వెంటనే చెల్లించండి"
ham,Did you finish the assignment
spam,25 lakh jeetne ka mauka! Abhi UPI se 28559 bheje aur reward paaye
spam,Electricity bill pending pay ₹38629 now or power disconnect
spam,Limited offer investment double your money in 7 days
ham,Meeting scheduled at 5 pm
spam,Work from home job earn ₹44635 per month WhatsApp 1942195208
ham,Let's meet tomorrow for lunch
ham,Meeting scheduled at 5 pm
ham,Meeting scheduled at 5 pm
ham,मैं कल आ रहा हूँ
ham,నేను రేపు వస్తాను
ham,Hi how are you doing today
spam,Electricity bill pending pay ₹39656 now or power disconnect
spam,"మీరు 41583 రూపాయలు గెలిచారు, వెంటనే చెల్లించండి"
ham,నేను రేపు వస్తాను
ham,Did you finish the assignment
spam,25 lakh jeetne ka mauka! Abhi UPI se 25960 bheje aur reward paaye
spam,"URGENT: Your bank KYC expired, verify immediately"
spam,Electricity bill pending pay ₹36370 now or power disconnect
spam,Limited offer investment double your money in 7 days
spam,You won a lottery of ₹44260! Click the link to claim now
spam,You won a lottery of ₹7242! Click the link to claim now
spam,25 lakh jeetne ka mauka! Abhi UPI se 11935 bheje aur reward paaye
spam,Electricity bill pending pay ₹17148 now or power disconnect
spam,Electricity bill pending pay ₹6596 now or power disconnect
ham,Did you finish the assignment
spam,Work from home job earn ₹2844 per month WhatsApp 3520843063
spam,"URGENT: Your bank KYC expired, verify immediately"
spam,You won a lottery of ₹25779! Click the link to claim now
spam,You won a lottery of ₹29808! Click the link to claim now
ham,Meeting scheduled at 5 pm
ham,Call me when you reach home
spam,Limited offer investment double your money in 7 days
spam,"URGENT: Your bank KYC expired, verify immediately"
spam,25 lakh jeetne ka mauka! Abhi UPI se 35305 bheje aur reward paaye
spam,"आप 20716 रुपये जीत गए, अभी OTP share करें"
spam,25 lakh jeetne ka mauka! Abhi UPI se 40984 bheje aur reward paaye
ham,నేను రేపు వస్తాను
ham,నేను రేపు వస్తాను
ham,Did you finish the assignment
spam,"మీరు 10169 రూపాయలు గెలిచారు, వెంటనే చెల్లించండి"
ham,Hi how are you doing today
spam,Work from home job earn ₹42333 per month WhatsApp 0154704367
ham,Call me when you reach home
spam,Work from home job earn ₹12405 per month WhatsApp 1295880391
spam,"आप 46580 रुपये जीत गए, अभी OTP share करें"
ham,నేను రేపు వస్తాను
spam,Electricity bill pending pay ₹16886 now or power disconnect
ham,मैं कल आ रहा हूँ
spam,Work from home job earn ₹42316 per month WhatsApp 3641823260
spam,Limited offer investment double your money in 7 days
ham,Meeting scheduled at 5 pm
spam,"మీరు 3802 రూపాయలు గెలిచారు, వెంటనే చెల్లించండి"
spam,You won a lottery of ₹16604! Click the link to claim now
ham,నేను రేపు వస్తాను
spam,Work from home job earn ₹18822 per month WhatsApp 2751327033
ham,आप कैसे हो
spam,"URGENT: Your bank KYC expired, verify immediately"
spam,Limited offer investment double your money in 7 days
spam,"మీరు 11135 రూపాయలు గెలిచారు, వెంటనే చెల్లించండి"
spam,"URGENT: Your bank KYC expired, verify immediately"
spam,You won a lottery of ₹16161! Click the link to claim now
spam,Limited offer investment double your money in 7 days
ham,Meeting scheduled at 5 pm
spam,Limited offer investment double your money in 7 days
ham,Meeting scheduled at 5 pm
spam,"URGENT: Your bank KYC expired, verify immediately"
spam,Electricity bill pending pay ₹32520 now or power disconnect
ham,Did you finish the assignment
spam,Limited offer investment double your money in 7 days
ham,Did you finish the assignment
spam,"आप 43201 रुपये जीत गए, अभी OTP share करें"
spam,Electricity bill pending pay ₹47922 now or power disconnect
spam,"URGENT: Your bank KYC expired, verify immediately"
ham,आप कैसे हो
spam,"మీరు 5252 రూపాయలు గెలిచారు, వెంటనే చెల్లించండి"
ham,आप कैसे हो
ham,Let's meet tomorrow for lunch
spam,"URGENT: Your bank KYC expired, verify immediately"
spam,"आप 42745 रुपये जीत गए, अभी OTP share करें"
ham,Did you finish the assignment
ham,Meeting scheduled at 5 pm
ham,आप कैसे हो
ham,నేను రేపు వస్తాను
ham,Meeting scheduled at 5 pm
spam,You won a lottery of ₹35477! Click the link to claim now
ham,मैं कल आ रहा हूँ
spam,You won a lottery of ₹47603! Click the link to claim now
spam,25 lakh jeetne ka mauka! Abhi UPI se 26657 bheje aur reward paaye
spam,Electricity bill pending pay ₹39918 now or power disconnect
ham,Meeting scheduled at 5 pm
ham,Let's meet tomorrow for lunch
spam,Limited offer investment double your money in 7 days
ham,Let's meet tomorrow for lunch
ham,నేను రేపు వస్తాను
spam,You won a lottery of ₹26666! Click the link to claim now
ham,Meeting scheduled at 5 pm
ham,आप कैसे हो
spam,Electricity bill pending pay ₹25320 now or power disconnect
spam,"URGENT: Your bank KYC expired, verify immediately"
ham,आप कैसे हो
ham,मैं कल आ रहा हूँ
spam,25 lakh jeetne ka mauka! Abhi UPI se 46424 bheje aur reward paaye
spam,Electricity bill pending pay ₹17671 now or power disconnect
ham,నేను రేపు వస్తాను
ham,Call me when you reach home
spam,"మీరు 13621 రూపాయలు గెలిచారు, వెంటనే చెల్లించండి"
spam,"आप 43997 रुपये जीत गए, अभी OTP share करें"
spam,Electricity bill pending pay ₹25535 now or power disconnect
ham,నేను రేపు వస్తాను
spam,"आप 42539 रुपये जीत गए, अभी OTP share करें"
spam,"आप 26866 रुपये जीत गए, अभी OTP share करें"
ham,Let's meet tomorrow for lunch
spam,"आप 36728 रुपये जीत गए, अभी OTP share करें"
spam,25 lakh jeetne ka mauka! Abhi UPI se 5182 bheje aur reward paaye
ham,Meeting scheduled at 5 pm
spam,"URGENT: Your bank KYC expired, verify immediately"
ham,నేను రేపు వస్తాను
spam,Electricity bill pending pay ₹27023 now or power disconnect
spam,Electricity bill pending pay ₹1049 now or power disconnect
ham,Did you finish the assignment
ham,Hi how are you doing today
spam,Electricity bill pending pay ₹25479 now or power disconnect
spam,"మీరు 5608 రూపాయలు గెలిచారు, వెంటనే చెల్లించండి"
ham,Let's meet tomorrow for lunch
ham,आप कैसे हो
ham,आप कैसे हो
ham,Call me when you reach home
spam,Electricity bill pending pay ₹14334 now or power disconnect
spam,"आप 16578 रुपये जीत गए, अभी OTP share करें"
spam,Electricity bill pending pay ₹29252 now or power disconnect
spam,Limited offer investment double your money in 7 days
spam,Electricity bill pending pay ₹21425 now or power disconnect
ham,నేను రేపు వస్తాను
ham,Did you finish the assignment
spam,You won a lottery of ₹6513! Click the link to claim now
ham,Call me when you reach home
spam,Electricity bill pending pay ₹3660 now or power disconnect
spam,"आप 27333 रुपये जीत गए, अभी OTP share करें"
ham,Call me when you reach home
ham,Let's meet tomorrow for lunch
ham,నేను రేపు వస్తాను
ham,आप कैसे हो
spam,Electricity bill pending pay ₹1005 now or power disconnect
ham,Did you finish the assignment
ham,నేను రేపు వస్తాను
spam,"URGENT: Your bank KYC expired, verify immediately"
spam,"आप 45934 रुपये जीत गए, अभी OTP share करें"
spam,"మీరు 29560 రూపాయలు గెలిచారు, వెంటనే చెల్లించండి"
spam,Limited offer investment double your money in 7 days
ham,Let's meet tomorrow for lunch
spam,"మీరు 16881 రూపాయలు గెలిచారు, వెంటనే చెల్లించండి"
spam,Work from home job earn ₹37550 per month WhatsApp 3903545761
ham,आप कैसे हो
ham,आप कैसे हो
ham,Call me when you reach home
ham,Let's meet tomorrow for lunch
ham,Hi how are you doing today
spam,"మీరు 3526 రూపాయలు గెలిచారు, వెంటనే చెల్లించండి"
ham,Call me when you reach home
spam,"आप 47057 रुपये जीत गए, अभी OTP share करें"
spam,Limited offer investment double your money in 7 days
spam,"మీరు 29708 రూపాయలు గెలిచారు, వెంటనే చెల్లించండి"
spam,Limited offer investment double your money in 7 days
spam,25 lakh jeetne ka mauka! Abhi UPI se 20930 bheje aur reward paaye
spam,Work from home job earn ₹43667 per month WhatsApp 5733337214
ham,Did you finish the assignment
spam,Work from home job earn ₹11718 per month WhatsApp 8447074725
ham,Did you finish the assignment
spam,Work from home job earn ₹22861 per month WhatsApp 8261844562
ham,Did you finish the assignment
spam,"URGENT: Your bank KYC expired, verify immediately"
ham,मैं कल आ रहा हूँ
ham,Let's meet tomorrow for lunch
ham,आप कैसे हो
ham,Meeting scheduled at 5 pm
spam,25 lakh jeetne ka mauka! Abhi UPI se 3067 bheje aur reward paaye
spam,You won a lottery of ₹9249! Click the link to claim now
spam,"మీరు 46385 రూపాయలు గెలిచారు, వెంటనే చెల్లించండి"
ham,నేను రేపు వస్తాను
ham,నేను రేపు వస్తాను
ham,Let's meet tomorrow for lunch
ham,నేను రేపు వస్తాను
spam,25 lakh jeetne ka mauka! Abhi UPI se 26430 bheje aur reward paaye
ham,मैं कल आ रहा हूँ
ham,आप कैसे हो
ham,Hi how are you doing today
spam,"आप 40030 रुपये जीत गए, अभी OTP share करें"
ham,आप कैसे हो
spam,"మీరు 5715 రూపాయలు గెలిచారు, వెంటనే చెల్లించండి"
spam,"URGENT: Your bank KYC expired, verify immediately"
ham,आप कैसे हो
spam,You won a lottery of ₹47909! Click the link to claim now
ham,Let's meet tomorrow for lunch
spam,"మీరు 36473 రూపాయలు గెలిచారు, వెంటనే చెల్లించండి"
spam,"आप 12301 रुपये जीत गए, अभी OTP share करें"
ham,నేను రేపు వస్తాను
spam,"URGENT: Your bank KYC expired, verify immediately"
spam,"URGENT: Your bank KYC expired, verify immediately"
spam,Limited offer investment double your money in 7 days
ham,Call me when you reach home
spam,"आप 12853 रुपये जीत गए, अभी OTP share करें"
ham,Hi how are you doing today
ham,Hi how are you doing today
ham,Hi how are you doing today
ham,Meeting scheduled at 5 pm
ham,Call me when you reach home
spam,25 lakh jeetne ka mauka! Abhi UPI se 20640 bheje aur reward paaye
ham,Hi how are you doing today
spam,"URGENT: Your bank KYC expired, verify immediately"
spam,"आप 11615 रुपये जीत गए, अभी OTP share करें"
ham,आप कैसे हो
ham,Call me when you reach home
spam,"మీరు 14469 రూపాయలు గెలిచారు, వెంటనే చెల్లించండి"
ham,నేను రేపు వస్తాను
ham,Hi how are you doing today
ham,నేను రేపు వస్తాను
spam,25 lakh jeetne ka mauka! Abhi UPI se 46664 bheje aur reward paaye
ham,Meeting scheduled at 5 pm
ham,Call me when you reach home
spam,25 lakh jeetne ka mauka! Abhi UPI se 35244 bheje aur reward paaye
spam,"URGENT: Your bank KYC expired, verify immediately"
spam,"आप 12969 रुपये जीत गए, अभी OTP share करें"
spam,You won a lottery of ₹41269! Click the link to claim now
spam,You won a lottery of ₹9974! Click the link to claim now
spam,Work from home job earn ₹48345 per month WhatsApp 9057351430
ham,Call me when you reach home
ham,Meeting scheduled at 5 pm
ham,Call me when you reach home
spam,You won a lottery of ₹3132! Click the link to claim now
ham,నేను రేపు వస్తాను
spam,Limited offer investment double your money in 7 days
ham,Call me when you reach home
ham,आप कैसे हो
spam,Limited offer investment double your money in 7 days
spam,"URGENT: Your bank KYC expired, verify immediately"
ham,Did you finish the assignment
spam,"మీరు 43490 రూపాయలు గెలిచారు, వెంటనే చెల్లించండి"
ham,నేను రేపు వస్తాను
ham,Let's meet tomorrow for lunch
spam,"आप 31497 रुपये जीत गए, अभी OTP share करें"
ham,నేను రేపు వస్తాను
ham,Did you finish the assignment
ham,Let's meet tomorrow for lunch
ham,Meeting scheduled at 5 pm
ham,నేను రేపు వస్తాను
spam,Work from home job earn ₹17889 per month WhatsApp 7029074821
ham,Did you finish the assignment
ham,आप कैसे हो
ham,Did you finish the assignment
ham,Did you finish the assignment
ham,Meeting scheduled at 5 pm
spam,Limited offer investment double your money in 7 days
spam,Work from home job earn ₹19422 per month WhatsApp 8474791673
ham,Meeting scheduled at 5 pm
spam,Limited offer investment double your money in 7 days
spam,"URGENT: Your bank KYC expired, verify immediately"
spam,"మీరు 21992 రూపాయలు గెలిచారు, వెంటనే చెల్లించండి"
spam,"URGENT: Your bank KYC expired, verify immediately"
ham,నేను రేపు వస్తాను
spam,Work from home job earn ₹43173 per month WhatsApp 1818516682
spam,25 lakh jeetne ka mauka! Abhi UPI se 23010 bheje aur reward paaye
spam,"మీరు 21550 రూపాయలు గెలిచారు, వెంటనే చెల్లించండి"
spam,You won a lottery of ₹14888! Click the link to claim now
spam,"మీరు 23713 రూపాయలు గెలిచారు, వెంటనే చెల్లించండి"
ham,Let's meet tomorrow for lunch
spam,"URGENT: Your bank KYC expired, verify immediately"
spam,"URGENT: Your bank KYC expired, verify immediately"
ham,मैं कल आ रहा हूँ
spam,Work from home job earn ₹4423 per month WhatsApp 6252886646
ham,Call me when you reach home
spam,You won a lottery of ₹32572! Click the link to claim now
spam,"आप 25676 रुपये जीत गए, अभी OTP share करें"
ham,Call me when you reach home
ham,Call me when you reach home
spam,You won a lottery of ₹30010! Click the link to claim now
spam,Electricity bill pending pay ₹20063 now or power disconnect
spam,"మీరు 48961 రూపాయలు గెలిచారు, వెంటనే చెల్లించండి"
spam,You won a lottery of ₹14223! Click the link to claim now
ham,Let's meet tomorrow for lunch
spam,Electricity bill pending pay ₹18257 now or power disconnect
spam,"URGENT: Your bank KYC expired, verify immediately"
ham,Did you finish the assignment
spam,Work from home job earn ₹47370 per month WhatsApp 1437199272
spam,"మీరు 12305 రూపాయలు గెలిచారు, వెంటనే చెల్లించండి"
spam,Electricity bill pending pay ₹20906 now or power disconnect
ham,Call me when you reach home
spam,Electricity bill pending pay ₹16416 now or power disconnect
ham,Let's meet tomorrow for lunch
spam,Limited offer investment double your money in 7 days
spam,You won a lottery of ₹32537! Click the link to claim now
ham,Did you finish the assignment
spam,"URGENT: Your bank KYC expired, verify immediately"
ham,Hi how are you doing today
ham,आप कैसे हो
spam,25 lakh jeetne ka mauka! Abhi UPI se 13724 bheje aur reward paaye
ham,Let's meet tomorrow for lunch
spam,25 lakh jeetne ka mauka! Abhi UPI se 12309 bheje aur reward paaye
ham,Did you finish the assignment
spam,"మీరు 42049 రూపాయలు గెలిచారు, వెంటనే చెల్లించండి"
spam,"మీరు 22001 రూపాయలు గెలిచారు, వెంటనే చెల్లించండి"
spam,"आप 43247 रुपये जीत गए, अभी OTP share करें"
ham,నేను రేపు వస్తాను
spam,Limited offer investment double your money in 7 days
ham,Meeting scheduled at 5 pm
spam,"आप 12081 रुपये जीत गए, अभी OTP share करें"
ham,Let's meet tomorrow for lunch
spam,Limited offer investment double your money in 7 days
spam,"URGENT: Your bank KYC expired, verify immediately"
ham,నేను రేపు వస్తాను
ham,Hi how are you doing today
ham,Let's meet tomorrow for lunch
ham,Did you finish the assignment
ham,Let's meet tomorrow for lunch
ham,నేను రేపు వస్తాను
ham,Hi how are you doing today
spam,25 lakh jeetne ka mauka! Abhi UPI se 40874 bheje aur reward paaye
spam,Electricity bill pending pay ₹26866 now or power disconnect
ham,Did you finish the assignment
ham,Did you finish the assignment
spam,"आप 8886 रुपये जीत गए, अभी OTP share करें"
spam,"మీరు 27800 రూపాయలు గెలిచారు, వెంటనే చెల్లించండి"
spam,"आप 23119 रुपये जीत गए, अभी OTP share करें"
ham,Meeting scheduled at 5 pm
spam,"आप 30573 रुपये जीत गए, अभी OTP share करें"
ham,నేను రేపు వస్తాను
ham,Let's meet tomorrow for lunch
spam,Electricity bill pending pay ₹22519 now or power disconnect
spam,Work from home job earn ₹30348 per month WhatsApp 6859594637
spam,"URGENT: Your bank KYC expired, verify immediately"
ham,Hi how are you doing today
ham,Call me when you reach home
spam,Limited offer investment double your money in 7 days
spam,"మీరు 8065 రూపాయలు గెలిచారు, వెంటనే చెల్లించండి"
ham,Meeting scheduled at 5 pm
ham,मैं कल आ रहा हूँ
ham,आप कैसे हो
spam,"URGENT: Your bank KYC expired, verify immediately"
ham,Let's meet tomorrow for lunch
spam,Limited offer investment double your money in 7 days
spam,25 lakh jeetne ka mauka! Abhi UPI se 13970 bheje aur reward paaye
spam,25 lakh jeetne ka mauka! Abhi UPI se 13691 bheje aur reward paaye
ham,Meeting scheduled at 5 pm
ham,Call me when you reach home
ham,నేను రేపు వస్తాను
ham,Meeting scheduled at 5 pm
spam,You won a lottery of ₹37682! Click the link to claim now
spam,25 lakh jeetne ka mauka! Abhi UPI se 17296 bheje aur reward paaye
spam,Electricity bill pending pay ₹49031 now or power disconnect
spam,"మీరు 41481 రూపాయలు గెలిచారు, వెంటనే చెల్లించండి"
ham,Did you finish the assignment
spam,"आप 34722 रुपये जीत गए, अभी OTP share करें"
ham,నేను రేపు వస్తాను
ham,मैं कल आ रहा हूँ
spam,25 lakh jeetne ka mauka! Abhi UPI se 12695 bheje aur reward paaye
spam,Work from home job earn ₹31461 per month WhatsApp 2367226758
ham,आप कैसे हो
spam,You won a lottery of ₹30161! Click the link to claim now
spam,25 lakh jeetne ka mauka! Abhi UPI se 21607 bheje aur reward paaye
ham,आप कैसे हो
ham,मैं कल आ रहा हूँ
ham,मैं कल आ रहा हूँ
spam,Electricity bill pending pay ₹34897 now or power disconnect
ham,Let's meet tomorrow for lunch
ham,నేను రేపు వస్తాను
ham,Hi how are you doing today
ham,मैं कल आ रहा हूँ
ham,Hi how are you doing today
spam,25 lakh jeetne ka mauka! Abhi UPI se 10120 bheje aur reward paaye
ham,Meeting scheduled at 5 pm
ham,मैं कल आ रहा हूँ
spam,"మీరు 17829 రూపాయలు గెలిచారు, వెంటనే చెల్లించండి"
ham,मैं कल आ रहा हूँ
ham,Let's meet tomorrow for lunch
spam,You won a lottery of ₹40363! Click the link to claim now
ham,Hi how are you doing today
spam,25 lakh jeetne ka mauka! Abhi UPI se 40136 bheje aur reward paaye
spam,25 lakh jeetne ka mauka! Abhi UPI se 8893 bheje aur reward paaye
ham,Let's meet tomorrow for lunch
spam,"URGENT: Your bank KYC expired, verify immediately"
ham,Hi how are you doing today
ham,Did you finish the assignment
spam,"మీరు 7887 రూపాయలు గెలిచారు, వెంటనే చెల్లించండి"
ham,आप कैसे हो
ham,Meeting scheduled at 5 pm
ham,आप कैसे हो
spam,Work from home job earn ₹2336 per month WhatsApp 9627265141
spam,25 lakh jeetne ka mauka! Abhi UPI se 45714 bheje aur reward paaye
spam,Work from home job earn ₹28479 per month WhatsApp 7811513480
ham,Call me when you reach home
spam,Limited offer investment double your money in 7 days
ham,मैं कल आ रहा हूँ
ham,Meeting scheduled at 5 pm
spam,Work from home job earn ₹25787 per month WhatsApp 4552357434
spam,Limited offer investment double your money in 7 days
spam,Electricity bill pending pay ₹43918 now or power disconnect
ham,मैं कल आ रहा हूँ
ham,Meeting scheduled at 5 pm
spam,You won a lottery of ₹47360! Click the link to claim now
ham,आप कैसे हो
spam,Electricity bill pending pay ₹10360 now or power disconnect
spam,Limited offer investment double your money in 7 days
spam,25 lakh jeetne ka mauka! Abhi UPI se 7365 bheje aur reward paaye
ham,Hi how are you doing today
ham,Let's meet tomorrow for lunch
spam,25 lakh jeetne ka mauka! Abhi UPI se 29075 bheje aur reward paaye
spam,Limited offer investment double your money in 7 days
ham,Let's meet tomorrow for lunch
spam,"URGENT: Your bank KYC expired, verify immediately"
ham,मैं कल आ रहा हूँ
ham,Call me when you reach home
ham,నేను రేపు వస్తాను
spam,Work from home job earn ₹10855 per month WhatsApp 8380960090
ham,నేను రేపు వస్తాను
ham,Did you finish the assignment
spam,Electricity bill pending pay ₹45063 now or power disconnect
ham,Call me when you reach home
ham,Did you finish the assignment
ham,Let's meet tomorrow for lunch
spam,Electricity bill pending pay ₹35745 now or power disconnect
spam,Limited offer investment double your money in 7 days
spam,You won a lottery of ₹26807! Click the link to claim now
spam,Work from home job earn ₹13291 per month WhatsApp 8921007604
spam,Electricity bill pending pay ₹38844 now or power disconnect
ham,నేను రేపు వస్తాను
spam,25 lakh jeetne ka mauka! Abhi UPI se 49392 bheje aur reward paaye
spam,You won a lottery of ₹33539! Click the link to claim now
spam,"आप 23421 रुपये जीत गए, अभी OTP share करें"
ham,Meeting scheduled at 5 pm
ham,Hi how are you doing today
spam,25 lakh jeetne ka mauka! Abhi UPI se 22652 bheje aur reward paaye
ham,Did you finish the assignment
ham,Hi how are you doing today
ham,Call me when you reach home
ham,Meeting scheduled at 5 pm
ham,Let's meet tomorrow for lunch
spam,Work from home job earn ₹13680 per month WhatsApp 1991696239
spam,"URGENT: Your bank KYC expired, verify immediately"
ham,आप कैसे हो
ham,నేను రేపు వస్తాను
ham,నేను రేపు వస్తాను
ham,Let's meet tomorrow for lunch
ham,నేను రేపు వస్తాను
ham,Hi how are you doing today
spam,Limited offer investment double your money in 7 days
ham,Hi how are you doing today
ham,నేను రేపు వస్తాను
ham,Call me when you reach home
spam,Electricity bill pending pay ₹49899 now or power disconnect
ham,मैं कल आ रहा हूँ
spam,"आप 39757 रुपये जीत गए, अभी OTP share करें"
spam,Limited offer investment double your money in 7 days
spam,"URGENT: Your bank KYC expired, verify immediately"
spam,25 lakh jeetne ka mauka! Abhi UPI se 43283 bheje aur reward paaye
ham,Hi how are you doing today
spam,"आप 19904 रुपये जीत गए, अभी OTP share करें"
spam,Electricity bill pending pay ₹37217 now or power disconnect
spam,You won a lottery of ₹26765! Click the link to claim now
ham,Let's meet tomorrow for lunch
spam,You won a lottery of ₹43899! Click the link to claim now
ham,Meeting scheduled at 5 pm
spam,"URGENT: Your bank KYC expired, verify immediately"
spam,Electricity bill pending pay ₹13298 now or power disconnect
ham,Call me when you reach home
spam,"आप 40333 रुपये जीत गए, अभी OTP share करें"
ham,आप कैसे हो
ham,Hi how are you doing today
ham,నేను రేపు వస్తాను
spam,25 lakh jeetne ka mauka! Abhi UPI se 27061 bheje aur reward paaye
ham,నేను రేపు వస్తాను
ham,Meeting scheduled at 5 pm
spam,Work from home job earn ₹25966 per month WhatsApp 4001328873
spam,"URGENT: Your bank KYC expired, verify immediately"
spam,"మీరు 19915 రూపాయలు గెలిచారు, వెంటనే చెల్లించండి"
spam,You won a lottery of ₹12821! Click the link to claim now
spam,Work from home job earn ₹33385 per month WhatsApp 9863477679
ham,मैं कल आ रहा हूँ
ham,నేను రేపు వస్తాను
spam,25 lakh jeetne ka mauka! Abhi UPI se 42460 bheje aur reward paaye
spam,"URGENT: Your bank KYC expired, verify immediately"
ham,Meeting scheduled at 5 pm
spam,Work from home job earn ₹8398 per month WhatsApp 5246510067
ham,నేను రేపు వస్తాను
ham,Hi how are you doing today
ham,आप कैसे हो
spam,"మీరు 26773 రూపాయలు గెలిచారు, వెంటనే చెల్లించండి"
ham,Did you finish the assignment
spam,Limited offer investment double your money in 7 days
spam,25 lakh jeetne ka mauka! Abhi UPI se 24598 bheje aur reward paaye
ham,Let's meet tomorrow for lunch
spam,Limited offer investment double your money in 7 days
spam,Electricity bill pending pay ₹11980 now or power disconnect
spam,Work from home job earn ₹35945 per month WhatsApp 9616546162
spam,25 lakh jeetne ka mauka! Abhi UPI se 34849 bheje aur reward paaye
spam,Electricity bill pending pay ₹1785 now or power disconnect
ham,Did you finish the assignment
ham,Hi how are you doing today
spam,"आप 10866 रुपये जीत गए, अभी OTP share करें"
ham,Call me when you reach home
ham,Meeting scheduled at 5 pm
spam,Electricity bill pending pay ₹31090 now or power disconnect
spam,25 lakh jeetne ka mauka! Abhi UPI se 11513 bheje aur reward paaye
ham,నేను రేపు వస్తాను
spam,25 lakh jeetne ka mauka! Abhi UPI se 43415 bheje aur reward paaye
ham,Meeting scheduled at 5 pm
spam,Work from home job earn ₹10689 per month WhatsApp 3866193563
ham,Let's meet tomorrow for lunch
ham,Hi how are you doing today
ham,Let's meet tomorrow for lunch
ham,Meeting scheduled at 5 pm
ham,Let's meet tomorrow for lunch
